dominant_outlier_modality,count,fraction
BAS,4296,0.7423535510627268
EKG,1217,0.21029894591325385
RESP,178,0.030758596855019874
EMG,96,0.01658890616899948
